-16.800201416015625,1.9820556640625,13824.0
-16.75994873046875,1.9675979614257812,13824.0
-16.719696044921875,1.931427001953125,13824.0
-16.813629150390625,1.945892333984375,13824.0
-16.8404541015625,1.960357666015625,13824.0
-16.585494995117188,1.9169540405273438,13824.0
-16.746536254882812,1.931427001953125,13824.0
-16.8538818359375,1.9675979614257812,13824.0
-16.773361206054688,1.960357666015625,13824.0
-16.746536254882812,1.9386520385742188,13824.0
-16.827041625976562,1.931427001953125,13824.0
-16.746536254882812,1.9675979614257812,13824.0
-16.827041625976562,1.953125,13824.0
-16.706268310546875,1.931427001953125,13824.0
-16.733108520507812,1.960357666015625,13824.0
-16.773361206054688,1.953125,13824.0
-16.706268310546875,1.9097213745117188,13824.0
-16.504989624023438,1.9386520385742188,13824.0
-16.706268310546875,1.8518600463867188,13824.0
-16.773361206054688,1.9820556640625,13824.0
-16.8404541015625,1.9820556640625,13824.0
-16.706268310546875,1.960357666015625,13824.0
-16.733108520507812,1.960357666015625,13824.0
-16.773361206054688,1.960357666015625,13824.0
-16.800201416015625,1.931427001953125,13824.0
-16.652587890625,1.960357666015625,13824.0
-16.75994873046875,1.931427001953125,20000.0
-17.041748046875,23.31452178955078,20000.0
-20.8258056640625,47.53327941894531,13824.0
-37.23686218261719,16.775177001953125,13824.0
-39.42411804199219,2.1122665405273438,13824.0
-39.51805114746094,1.9386520385742188,13824.0
-39.343597412109375,1.9097213745117188,13824.0
-39.504638671875,1.953125,19000.0
-39.840087890625,18.31597137451172,19000.0
-40.081634521484375,47.96730041503906,13824.0
-48.42805480957031,27.16291046142578,13824.0
-53.13801574707031,2.5245895385742188,13824.0
-53.245361328125,1.960357666015625,13824.0
-53.205108642578125,1.9386520385742188,13824.0
-53.32588195800781,1.960357666015625,18000.0
-53.59425354003906,11.993637084960938,18000.0
-55.76808166503906,40.53096008300781,13824.0
-61.60521697998047,35.06221008300781,13824.0
-67.08004760742188,3.0020217895507812,13824.0
-67.10688018798828,2.0110015869140625,13824.0
-67.1739730834961,1.953125,13824.0
-67.14714050292969,1.9241943359375,6500.0
-67.18739318847656,-10.199653625488281,6500.0
-66.1273193359375,-69.43721008300781,13824.0
-66.2614974975586,-37.78935241699219,13824.0
-66.14073181152344,0.6944427490234375,13824.0
-66.1273193359375,1.960357666015625,13824.0
-66.24807739257812,1.931427001953125,13824.0
-66.1541519165039,1.9241943359375,7000.0
-66.19441223144531,-4.694732666015625,7000.0
-56.868408203125,-67.54196166992188,13824.0
-50.97761535644531,-35.011573791503906,13824.0
-50.856842041015625,0.5570068359375,13824.0
-50.83000183105469,1.9024810791015625,13824.0
-50.81658935546875,1.8807907104492188,13824.0
-50.80317687988281,1.9097213745117188,13824.0
-50.762908935546875,1.9820556640625,20000.0
-50.74949645996094,3.7760391235351562,20000.0
-50.96418762207031,52.893524169921875,13824.0
-66.42253112792969,30.613418579101562,13824.0
-72.6488037109375,2.712677001953125,13824.0
-72.72931671142578,2.0182266235351562,13824.0
-72.8232421875,1.9097213745117188,13824.0
-72.74272918701172,1.960357666015625,19000.0
-72.74272918701172,2.2280120849609375,19000.0
-74.58108520507812,46.79542541503906,19000.0
-84.3767318725586,36.5234375,13824.0
-98.3992691040039,19.842300415039062,13824.0
-103.0421371459961,2.4522552490234375,13824.0
-102.94820404052734,1.931427001953125,13824.0
-102.94820404052734,1.9169540405273438,13824.0
-102.89453125,1.945892333984375,18000.0
-103.01529693603516,1.974822998046875,18000.0
-107.0543212890625,37.760406494140625,13824.0
-114.1662368774414,40.71903991699219,13824.0
-117.5611572265625,5.787040710449219,13824.0
-117.84295654296875,1.974822998046875,13824.0
-117.97714233398438,1.9892959594726562,13824.0
-117.86978912353516,1.9820556640625,6500.0
-98.5871353149414,-70.95630645751953,6500.0
-64.3023681640625,-47.72858428955078,13824.0
-51.487518310546875,-2.734375,13824.0
-51.33992004394531,1.974822998046875,13824.0
-51.32649230957031,1.9386520385742188,13824.0
-51.20573425292969,1.960357666015625,13824.0
-51.24598693847656,1.974822998046875,7000.0
-48.45489501953125,-69.93634033203125,7000.0
-19.712066650390625,-45.96354293823242,13824.0
-13.982269287109375,-3.3420181274414062,13824.0
-13.901763916015625,1.8663177490234375,13824.0
-13.834671020507812,1.960357666015625,13824.0
-13.86151123046875,1.9386520385742188,13824.0
-13.9420166015625,1.9675979614257812,13824.0
-13.86151123046875,1.9169540405273438,20000.0
-13.86151123046875,47.873260498046875,20000.0
-22.1005859375,38.99015808105469,13824.0
-32.607421875,5.179389953613281,13824.0
-33.197845458984375,1.974822998046875,13824.0
-33.184417724609375,1.9241943359375,13824.0
-32.983154296875,1.945892333984375,13824.0
-33.09049987792969,1.945892333984375,19000.0
-34.4189453125,37.463836669921875,19000.0
-42.966644287109375,42.65769958496094,13824.0
-57.096527099609375,9.042251586914062,13824.0
-57.995582580566406,2.0037689208984375,13824.0
-58.183448791503906,1.974822998046875,13824.0
-58.07609558105469,1.960357666015625,13824.0
-58.04926300048828,1.960357666015625,18000.0
-60.142578125,28.566268920898438,18000.0
-73.60153198242188,40.842010498046875,13824.0
-88.05345916748047,14.908851623535156,13824.0
-89.61003112792969,2.0905609130859375,13824.0
-89.56977081298828,1.8807907104492188,13824.0
-89.58318328857422,1.9169540405273438,13824.0
-89.58318328857422,1.953125,6500.0
-81.63932800292969,-54.752601623535156,6500.0
-42.2017822265625,-55.222801208496094,13824.0
-18.920364379882812,-12.087669372558594,13824.0
-16.907546997070312,1.7939834594726562,13824.0
-16.773361206054688,1.8807907104492188,13824.0
-16.773361206054688,1.8807907104492188,13824.0
-16.773361206054688,1.9241943359375,7000.0
-10.96307373046875,-49.08130645751953,7000.0
28.930709838867188,-55.99681854248047,13824.0
51.460693359375,-11.002609252929688,13824.0
53.41981506347656,1.8590774536132812,13824.0
53.55400085449219,1.960357666015625,13824.0
53.486907958984375,1.9820556640625,13824.0
53.46006774902344,1.8880233764648438,13824.0
53.473480224609375,1.9386520385742188,20000.0
53.17826843261719,30.157699584960938,20000.0
51.769317626953125,46.129913330078125,13824.0
39.79985046386719,13.816543579101562,13824.0
38.87396240234375,2.0688629150390625,13824.0
38.83369445800781,1.9386520385742188,13824.0
38.95445251464844,1.960357666015625,13824.0
38.887359619140625,1.945892333984375,19000.0
38.94105529785156,21.397567749023438,19000.0
30.621444702148438,46.549468994140625,13824.0
14.250640869140625,22.2366943359375,13824.0
11.043594360351562,2.155670166015625,13824.0
11.043594360351562,1.9675979614257812,13824.0
11.083831787109375,1.9820556640625,13824.0
11.070419311523438,1.9820556640625,18000.0
10.439743041992188,15.270545959472656,18000.0
-2.321441650390625,40.47309875488281,18000.0
-15.350982666015625,37.57957458496094,13824.0
-30.581207275390625,18.31597137451172,13824.0
-33.03681945800781,2.1773681640625,13824.0
-32.94288635253906,1.9169540405273438,13824.0
-33.06365966796875,1.9241943359375,13824.0
-32.983154296875,1.953125,6500.0
-32.285369873046875,-16.370079040527344,6500.0
0.684356689453125,-59.93923568725586,13824.0
27.07891845703125,-23.430267333984375,13824.0
32.003570556640625,1.4612350463867188,13824.0
32.030426025390625,1.9024810791015625,13824.0
31.97674560546875,2.0110015869140625,13824.0
31.97674560546875,1.8590774536132812,7000.0
32.32563781738281,-10.235824584960938,7000.0
66.39569091796875,-67.23090362548828,13824.0
99.43252563476562,-31.04022216796875,13824.0
106.82620239257812,1.2586822509765625,13824.0
106.92013549804688,1.9024810791015625,13824.0
106.92013549804688,1.9169540405273438,13824.0
106.83963012695312,1.945892333984375,13824.0
106.92013549804688,1.931427001953125,20000.0
106.96038818359375,6.127021789550781,20000.0
100.3583984375,52.141204833984375,13824.0
80.19009399414062,28.768814086914062,13824.0
74.37982177734375,2.5897064208984375,13824.0
74.17852783203125,1.9241943359375,13824.0
74.33953857421875,2.0110015869140625,13824.0
74.31271362304688,1.8952484130859375,19000.0
74.32614135742188,3.3347854614257812,19000.0
66.63722229003906,47.51158142089844,13824.0
47.01908874511719,34.87413024902344,13824.0
38.645843505859375,3.0888290405273438,13824.0
38.404296875,1.960357666015625,13824.0
38.43113708496094,2.0254592895507812,13824.0
38.35063171386719,1.9820556640625,18000.0
38.32377624511719,2.1918411254882812,18000.0
32.097503662109375,39.18547058105469,13824.0
16.733108520507812,38.96122741699219,13824.0
6.5751495361328125,4.231773376464844,13824.0
6.373870849609375,1.9386520385742188,13824.0
6.3202056884765625,2.0182266235351562,13824.0
6.3470306396484375,1.9386520385742188,6500.0
6.373870849609375,1.974822998046875,6500.0
29.3466796875,-68.09172058105469,13824.0
64.36947631835938,-36.04600524902344,13824.0
74.983642578125,0.3110504150390625,13824.0
75.345947265625,1.945892333984375,13824.0
75.29229736328125,1.9386520385742188,13824.0
75.27886962890625,1.9892959594726562,7000.0
97.70150756835938,-70.3631362915039,7000.0
139.87646484375,-44.61805725097656,13824.0
156.03256225585938,-1.2514495849609375,13824.0
156.59613037109375,1.9386520385742188,13824.0
156.7034912109375,1.8373870849609375,13824.0
156.60955810546875,1.9386520385742188,13824.0
156.67666625976562,1.945892333984375,13824.0
156.67666625976562,1.945892333984375,20000.0
151.96670532226562,50.25318908691406,20000.0
134.09298706054688,37.18894958496094,13824.0
123.49221801757812,4.087089538574219,13824.0
123.197021484375,1.9241943359375,13824.0
123.21044921875,1.9820556640625,13824.0
123.27752685546875,1.931427001953125,13824.0
123.23727416992188,1.9386520385742188,19000.0
119.72158813476562,41.11689758300781,19000.0
101.16351318359375,42.643218994140625,13824.0
85.75885009765625,7.2554931640625,13824.0
84.85980224609375,1.9965286254882812,13824.0
85.11474609375,1.953125,13824.0
85.00741577148438,1.945892333984375,13824.0
84.94033813476562,1.9024810791015625,18000.0
82.00161743164062,31.43084716796875,18000.0
65.201416015625,41.03009033203125,13824.0
57.123382568359375,11.834487915039062,13824.0
56.06329345703125,1.9820556640625,13824.0
56.009613037109375,1.974822998046875,13824.0
56.13038635253906,1.9241943359375,13824.0
56.023040771484375,1.9820556640625,6500.0
66.650634765625,-59.23755645751953,6500.0
107.0677490234375,-47.24392318725586,13824.0
126.57852172851562,-4.6079254150390625,13824.0
127.544677734375,1.8807907104492188,13824.0
127.63861083984375,1.9241943359375,13824.0
127.57150268554688,1.974822998046875,13824.0
127.53125,1.945892333984375,7000.0
136.951171875,-54.86111068725586,7000.0
180.89739990234375,-54.00752258300781,13824.0
186.8016357421875,-7.3206024169921875,13824.0
186.82843017578125,1.8084564208984375,13824.0
186.86871337890625,1.953125,13824.0
